id,year,title,authors,doi,url,source,source_url,method,observed_at,status,note
external:10.1016/j.rsma.2025.104141,2025,Contraventions of MPA regulations by the South African demersal trawl fisheries: Evidence from loss and damage of scientific instruments,Fannie W. Shabangu; Trevor A. Branch; Kuhle Hlati; Flore Samaran; Imtiyaaz Malick; Sean T. Fennessy; Bernadine I. Everett; Marcel A. van den Berg; Dawit Yemane,10.1016/j.rsma.2025.104141,https://doi.org/10.1016/j.rsma.2025.104141,ResearchGate,https://www.researchgate.net/publication/389968129_Contraventions_of_MPA_regulations_by_the_South_African_demersal_trawl_fisheries_Evidence_from_loss_and_damage_of_scientific_instruments,manual_review,2026-09-30,verified_manually,"Sección 2.3 y referencias: uso de gfwr y cita de Clavelle et al. (2024), comprobados en el texto disponible en ResearchGate."
external:10.1111/ddi.70167,2026,Integrating Local Ecological Knowledge and Fishing Effort Data to Inform Bycatch Management of Threatened Marine Fauna in Small-Scale Fisheries,Wenyi Li; Yining Chen; Xiong Zhang,10.1111/ddi.70167,https://doi.org/10.1111/ddi.70167,ResearchGate,https://www.researchgate.net/publication/403118614_Integrating_Local_Ecological_Knowledge_and_Fishing_Effort_Data_to_Inform_Bycatch_Management_of_Threatened_Marine_Fauna_in_Small-Scale_Fisheries,manual_review,2026-09-30,verified_manually,"La bibliografía del texto en ResearchGate cita Sánchez-Tapia et al. (2026), gfwr versión 3.0, y enlaza el repositorio del paquete."
external:10.1111/csp2.70216,2025,Estimating non-US longline fishing impacts on Hawai‘i pelagic false killer whales in a transboundary assessment area,Robert Ahrens; Amanda L. Bradford; Erin M. Oleson; Emily Crigler; T. Todd Jones,10.1111/csp2.70216,https://doi.org/10.1111/csp2.70216,ResearchGate,https://www.researchgate.net/publication/398641018_Estimating_non-US_longline_fishing_impacts_on_Hawai%27i_pelagic_false_killer_whales_in_a_transboundary_assessment_area,manual_review,2026-09-30,verified_manually,El texto público consultado incluye la referencia bibliográfica al paquete; mismo artículo previamente verificado en la editorial.
external:10.1111/1365-2664.70199,2025,Spatial overlap alone downplays the level of interaction between a central place forager and the local fishery,Jacqueline S Glencross; Andrew J. Glencross; Jennifer L. Grigg; Stephen D. J. Lang; Azwianewi Benedict Makhado; Leshia Upfold; Debbie J. F. Russell; Andrew S. Brierley; Richard B. Sherley,10.1111/1365-2664.70199,https://doi.org/10.1111/1365-2664.70199,Google Scholar,https://scholar.google.com/scholar?q=%22gfwr%22+%22fishing%22,manual_review,2026-09-30,candidate,Resultado observado en la primera página de Google Scholar. La aparición en la búsqueda no verifica una cita; los metadatos bibliográficos se conservan de OpenAlex.
external:10.1111/fme.70100,2026,Residency and Space Use of Endangered Smoothhound Sharks ( Mustelus mustelus ) in Relation to Marine Protection and Demersal Longline Fishing Along South Africa's South Coast,Eugin Bornman; Taryn S. Murray; Neil Hammerschlag; Enrico Gennari,10.1111/fme.70100,https://doi.org/10.1111/fme.70100,Google Scholar,https://scholar.google.com/scholar?q=%22gfwr%22+%22fishing%22,manual_review,2026-09-30,candidate,Resultado observado en la primera página de Google Scholar. La aparición en la búsqueda no verifica una cita; los metadatos bibliográficos se conservan de OpenAlex.
external:10.1093/icesjms/fsaf033,2025,Bias in Global Fishing Watch AIS data analyses results in overestimate of Northeast Atlantic pelagic fishing impact,Niels T. Hintzen; Katie Brigden; Hendrik-Jan Kaastra; Steven Mackinson; Martin A. Pastoors; Lennert van de Pol,10.1093/icesjms/fsaf033,https://doi.org/10.1093/icesjms/fsaf033,Google Scholar,https://scholar.google.com/scholar?q=%22gfwr%22+%22fishing%22,manual_review,2026-09-30,candidate,Resultado observado en la primera página de Google Scholar. La aparición en la búsqueda no verifica una cita; los metadatos bibliográficos se conservan de OpenAlex.
external:10.1111/csp2.70216,2025,Estimating non‐US longline fishing impacts on Hawai‘i pelagic false killer whales in a transboundary assessment area,Robert Ahrens; Amanda L. Bradford; Erin M. Oleson; Emily Crigler; T. Todd Jones,10.1111/csp2.70216,https://doi.org/10.1111/csp2.70216,Google Scholar,https://scholar.google.com/scholar?q=%22gfwr%22+%22fishing%22,manual_review,2026-09-30,candidate,Resultado observado en la primera página de Google Scholar. La aparición en la búsqueda no verifica una cita; los metadatos bibliográficos se conservan de OpenAlex.
external:10.1111/ddi.70167,2026,Integrating Local Ecological Knowledge and Fishing Effort Data to Inform Bycatch Management of Threatened Marine Fauna in Small-Scale Fisheries,Wenyi Li; Yining Chen; Xiong Zhang,10.1111/ddi.70167,https://doi.org/10.1111/ddi.70167,Google Scholar,https://scholar.google.com/scholar?q=%22gfwr%22+%22fishing%22,manual_review,2026-09-30,candidate,Resultado observado en Google Scholar; la evidencia de la cita está documentada por separado en ResearchGate.
external:10.3390/fishes11050270,2026,Prediction of Fishing Effort Intensity and Identification of Key Environmental Factors in Northwest Pacific Squid Fishing Grounds Using a Multi-Mechanism Integrate 3DCNN Model,G Li; C Feng; Y Shi; K Jiang; S Yang,10.3390/fishes11050270,https://www.mdpi.com/2410-3888/11/5/270,Google Scholar,https://scholar.google.com/scholar?q=%22gfwr%22+%22fishing%22,manual_review,2026-09-30,candidate,Resultado observado en Google Scholar; el extracto menciona gfwr. Pendiente de revisar el artículo completo.
