"id","year","title","authors","doi","url","status","evidence"
"W7163045458",2026,"Assessing Loggerhead Turtle Exposure to Fisheries in Northwest Africa: Predicted Risk and Management Gaps","Amy Isabelle Bowler; Annette Cameron Broderick; Michael S. Coyne; Matthew H. Godfrey; Brendan John Godley; Pedro López‐Suárez; Nuria Varo‐Cruz; Lucy A. Hawkes","10.1002/ece3.73729","https://doi.org/10.1002/ece3.73729","candidate","OpenAlex fulltext.search: gfwr"
"W7163153779",2026,"3D Diel Utilization Distribution: a novel perspective to understand marine turtle-fishery interaction","Javier Menéndez‐Blázquez; Jessica Ruff; Ricardo Sagarminaga; Brendan John Godley; David March","10.21203/rs.3.rs-9874630/v1","https://doi.org/10.21203/rs.3.rs-9874630/v1","candidate","OpenAlex fulltext.search: gfwr"
"W7164481520",2026,"DecarbonyT - R script","Tommaso Russo; Maria Silvia Labriola; Antonello Sala","10.5281/zenodo.20651409","https://doi.org/10.5281/zenodo.20651409","candidate","OpenAlex fulltext.search: gfwr"
"W7167845424",2026,"Desafiando la tragedia de los comunes","Juan Cruz Changazo","10.64928/mzq2jg63","https://doi.org/10.64928/mzq2jg63","candidate","OpenAlex fulltext.search: gfwr"
"W7171427980",2026,"CO2 release from bottom trawling disturbance and its relevance for seabed management","Manon Ducasse-Allegret; Simon F. Thrush; Ines Bartl","10.1016/j.ocecoaman.2026.108305","https://doi.org/10.1016/j.ocecoaman.2026.108305","candidate","OpenAlex fulltext.search: gfwr"
"W7172266242",2026,"Baseline characterization of inshore reef soundscapes and noise dynamics along the southeast coast of South Africa","Kuhle Hlati; Tzu-Hao Lin; Fannie W. Shabangu; Jaco D. J. J. Versfeld; Tarron Lamont; Tamara B. Robinson; Stephen P. Kirkman","10.1038/s41598-026-64663-w","https://doi.org/10.1038/s41598-026-64663-w","candidate","OpenAlex fulltext.search: gfwr"
"W7203795120",2026,"Residency and Space Use of Endangered Smoothhound Sharks ( Mustelus mustelus ) in Relation to Marine Protection and Demersal Longline Fishing Along South Africa's South Coast","Eugin Bornman; Taryn S. Murray; Neil Hammerschlag; Enrico Gennari","10.1111/fme.70100","https://doi.org/10.1111/fme.70100","candidate","OpenAlex fulltext.search: gfwr"
"W7203976387",2026,"oceandatr : An R Package to Acquire and Process Geospatial Ocean Data","Jason Flower; Echelle S. Burns; Daniel C. Dunn; Andy Estep; Jason D. Everett; Jeffrey O. Hanson; Sarah E. Lester; Anthony James Richardson","10.1002/ece3.74211","https://doi.org/10.1002/ece3.74211","candidate","OpenAlex fulltext.search: gfwr"
"W4408763936",2025,"Bias in Global Fishing Watch AIS data analyses results in overestimate of Northeast Atlantic pelagic fishing impact","Niels T. Hintzen; Katie Brigden; Hendrik-Jan Kaastra; Steven Mackinson; Martin A. Pastoors; Lennert van de Pol","10.1093/icesjms/fsaf033","https://doi.org/10.1093/icesjms/fsaf033","candidate","OpenAlex fulltext.search: gfwr"
"W4413918986",2025,"Relative benthic status guides sustainable trawl management in the Adriatic–Ionian Seas","Walter Zupa; Pierluigi Carbonara; Isabella Bitetto; Michele Casini; Porzia Maiorano; Gianfranco D’Onghia; Igor Isajlović; María Teresa Spedicato; Gert Van Hoey; Anna Rindorf","10.1093/icesjms/fsaf148","https://doi.org/10.1093/icesjms/fsaf148","candidate","OpenAlex fulltext.search: gfwr"
"W4414511595",2025,"Short- and Medium-Term Predictions of Spatiotemporal Distribution of Marine Fishing Efforts Using Deep Learning","Shenglong Yang; Wei Wang; Tianfei Cheng; Shengmao Zhang; Yang Dai; Fei Wang; Heng Zhang; Yongchuang Shi; Weifeng Zhou; Wei Fan","10.3390/fishes10100479","https://doi.org/10.3390/fishes10100479","candidate","OpenAlex fulltext.search: gfwr"
"W4416268110",2025,"Spatial overlap alone downplays the level of interaction between a central place forager and the local fishery","Jacqueline S Glencross; Andrew J. Glencross; Jennifer L. Grigg; Stephen D. J. Lang; Azwianewi Benedict Makhado; Leshia Upfold; Debbie J. F. Russell; Andrew S. Brierley; Richard B. Sherley","10.1111/1365-2664.70199","https://doi.org/10.1111/1365-2664.70199","candidate","OpenAlex fulltext.search: gfwr"
"W4417290932",2025,"Estimating non‐US longline fishing impacts on Hawai‘i pelagic false killer whales in a transboundary assessment area","Robert Ahrens; Amanda L. Bradford; Erin M. Oleson; Emily Crigler; T. Todd Jones","10.1111/csp2.70216","https://doi.org/10.1111/csp2.70216","candidate","OpenAlex fulltext.search: gfwr"
"W7117298794",2025,"Isolation and molecular diagnosis of Heterorhabditis indica from soil and its efficiency of inducing resistance against root-knot nematodes on eggplant","Saad Tareq Abdul Malek; Sarah Tareq Hasan; Khalid M Al-Juhaishi","10.65395/252.730812","https://doi.org/10.65395/252.730812","candidate","OpenAlex fulltext.search: gfwr"
"W4394930372",2024,"Fine-scale behaviour and population estimates suggest low exposure but do not exclude high sensitivity to bycatch for Endangered sooty albatrosses","Aymeric Fromant; Julien Collet; Cécile Vansteenberghe; Raphaël Musseau; Dominique P. Filippi; Karine Delord; Christophe Barbraud","10.1101/2024.04.14.589402","https://doi.org/10.1101/2024.04.14.589402","candidate","OpenAlex fulltext.search: gfwr"
"W4402977695",2024,"Using the Conventional Method to Estimate Water Saturation of Khasib Formation in East Baghdad Oil Field Central Area","Noor F. Hameed; Rwaida K. AbdulMajeed","10.46717/igj.57.2c.8ms-2024-9-16","https://doi.org/10.46717/igj.57.2c.8ms-2024-9-16","candidate","OpenAlex fulltext.search: gfwr"
"W4403157670",2024,"Fine-scale behaviour and population estimates of endangered sooty albatross suggest low exposure (while not excluding high sensitivity) to bycatch","Aymeric Fromant; Julien Collet; Cécile Vansteenberghe; Raphaël Musseau; Dominique P. Filippi; Karine Delord; Christophe Barbraud","10.3354/meps14719","https://doi.org/10.3354/meps14719","candidate","OpenAlex fulltext.search: gfwr"
"W4376634211",2023,"Estimating hidden fishing activity hotspots from vessel transmitted data","Gianpaolo Coro; Lorenzo Sana; Carmen Ferrà; Pasquale Bove; Giuseppe Scarcella","10.3389/fsufs.2023.1152226","https://doi.org/10.3389/fsufs.2023.1152226","candidate","OpenAlex fulltext.search: gfwr"
"W4293217510",2022,"Análisis Bibliométrico de publicaciones relacionadas con Planificación Estratégica y calidad educativa en el periodo 2000 – 2021","Sophía Bethzabel Galárraga-Tobar; Ruth Matovelle-Villamar; Jesús Merino Velásquez; Wayky Luy-Navarrete","10.33386/593dp.2022.4-1.1263","https://doi.org/10.33386/593dp.2022.4-1.1263","candidate","OpenAlex fulltext.search: gfwr"
"W4309780586",2022,"Improving glass‐fiber epoxy composites via interlayer toughening with polyacrylonitrile/multiwalled carbon nanotubes electrospun fibers","Christian Narváez‐Muñoz; Camilo Zamora‐Ledezma; Pavel  B. Ryzhakov; Jordi Pons‐Prats; Jeevithan Elango; Carlos Mena-Arciniega; Freddy Navarrete; Víctor Morales‐Flórez; Rafael Cano‐Crespo; Luis Javier Segura","10.1002/app.53400","https://doi.org/10.1002/app.53400","candidate","OpenAlex fulltext.search: gfwr"
